formula,adduct,index,ionFormula,ion,mz,msm,rhoSpatial,rhoSpectral,moc,fdr,moleculeNames,moleculeGroups
C23H38O6,+Na,1,C23H38O6Na,C23H38O6+Na+,433.25602077366386,0.93224,0.9496749228638858,0.9825080615509658,0.9991171749598716,0.05,['PGF2alpha-11-acetate methyl ester'],['PGF2alpha-11-acetate methyl ester']
C26H39F3O2,+H,2,C26H40O2F3,C26H39F3O2+H+,441.2974522976638,0.872996,0.8909785630325063,0.981880871406245,0.9978982300884955,0.05,"['26,26,26-trifluoro-25-hydroxy-27-norvitamin D3 / 26,26,26-trifluoro-25-hydroxy-27-norcholecalciferol']","['26,26,26-trifluoro-25-hydroxy-27-norvitamin D3 / 26,26,26-trifluoro-25-hydroxy-27-norcholecalciferol']"
C21H41O7P,+Na,3,C21H41O7PNa,C21H41O7P+Na+,459.24817197966394,0.877195,0.8938211529267758,0.9828791237087574,0.9984934695461011,0.05,"['LysoPA(0:0/18:1(9Z))', 'LysoPA(18:1(9Z)/0:0)', 'DHAP(18:0)']",['DHAP' 'LysoPA']
C29H47NO4,+Na,4,C29H47NO4Na,C29H47NO4+Na+,496.3396515892369,0.876946,0.908174,0.967259,0.998301,0.05,"['23-Acetoxysoladulcidine', 'Clupanodonyl carnitine', 'Docosa-4,7,10,13,16-pentaenoyl carnitine']","['23-Acetoxysoladulcidine' 'Clupanodonyl carnitine'
 'Docosa-4,7,10,13,16-pentaenoyl carnitine']"
C24H50NO7P,+Na,5,C24H50NO7PNa,C24H50NO7P+Na+,518.3216320352367,0.89146,0.916991,0.97343,0.998693,0.05,['LysoPC(16:0)'],['LysoPC']
C26H52NO7P,+Na,6,C26H52NO7PNa,C26H52NO7P+Na+,544.3373213416695,0.893347,0.9100792438866719,0.982655680894837,0.9989404432132964,0.05,"['PC(0:0/18:1(6Z))', 'PC(18:1(11E)/0:0)', 'PC(P-16:0/2:0)', 'PC(18:1(9Z)/0:0)', 'PC(P-15:0/3:0)', 'PE(O-18:1(13Z)/3:0)', 'PE(P-18:0/3:0)', 'PC(18:1(6Z)/0:0)', 'PC(0:0/18:1(9Z))', 'PC(P-14:0/4:0)', 'PE(P-13:0/8:0)', 'PC(18:1(11Z)/0:0)', 'PE(O-18:1(9Z)/3:0)', 'PC(0:0/18:1(11E))', 'PC(0:0/18:1(11Z))', 'PE(P-15:0/6:0)', 'PE(O-18:1(11Z)/3:0)', 'PE(P-17:0/4:0)']",['PC' 'PE']
C26H54NO7P,+Na,7,C26H54NO7PNa,C26H54NO7P+Na+,546.3529714056697,0.802779,0.8162643379270712,0.9847549716122864,0.9987042682926829,0.05,"['LysoPC(18:0)', 'LysoPC(0:0/18:0)', '2-acetyl-1-alkyl-sn-glycero-3-phosphocholine']",['2-acetyl-1-alkyl-sn-glycero-3-phosphocholine' 'LysoPC']
C35H66O4,+H,8,C35H67O4,C35H66O4+H+,551.5033085592369,0.942222,0.962288,0.979974,0.999157,0.05,['DG(P-14:0/18:1(9Z))'],['DG']
C35H66O4,+Na,9,C35H66O4Na,C35H66O4+Na+,573.4852924296695,0.836558,0.8606069942250825,0.9733238712565089,0.9986968068680131,0.05,"['Artemoin A', 'Artemoin B', 'Artemoin C', 'Artemoin D']",['Artemoin A' 'Artemoin B' 'Artemoin C' 'Artemoin D']
C35H70O4,+Na,10,C35H70O4Na,C35H70O4+Na+,577.5165925576696,0.892749,0.9012666049856601,0.9914975325391805,0.9990440885034156,0.05,"['DG(O-15:0/17:0/0:0)', 'DG(O-15:0/17:0/0:0)', 'DG(O-15:0/0:0/17:0)', 'DG(O-16:0/0:0/16:0)', 'DG(O-17:0/0:0/15:0)', 'DG(O-17:0/15:0/0:0)', 'DG(O-17:0/0:0/15:0)', 'DG(O-14:0/0:0/18:0)', 'DG(O-13:0/0:0/19:0)', 'DG(O-15:0/0:0/17:0)', 'DG(O-20:0/12:0/0:0)', 'DG(O-14:0/18:0/0:0)', 'DG(O-18:0/14:0/0:0)', 'DG(O-18:0/0:0/14:0)', 'DG(O-17:0/15:0/0:0)', 'DG(O-20:0/0:0/12:0)', 'DG(O-13:0/19:0/0:0)', 'DG(O-16:0/16:0/0:0)']",['DG']
C37H68O4,+Na,11,C37H68O4Na,C37H68O4+Na+,599.5009424936694,0.916858,0.9393606095677934,0.9769436444304466,0.9990798611111111,0.05,['phenolic phthiocerol'],['phenolic phthiocerol']
C37H74O4,+Na,12,C37H74O4Na,C37H74O4+Na+,605.5478534432369,0.945834,0.961859,0.984066,0.999262,0.05,['DG(16:0e/18:0/0:0)'],['DG']
C39H72O4,+Na,13,C39H72O4Na,C39H72O4+Na+,627.5322033792369,0.887877,0.92232,0.963244,0.999389,0.05,"['DG(P-18:1(13Z)/18:1(11Z)/0:0)', 'DG(O-18:1(13Z)/0:0/18:2(9Z,12Z))', 'DG(O-18:2(9Z,12Z)/18:1(11Z)/0:0)', 'DG(P-18:0/18:2(9Z,12Z)/0:0)', 'DG(O-16:0/0:0/20:3(8Z,11Z,14Z))', 'DG(O-18:0/18:3(6Z,9Z,12Z)/0:0)', 'DG(P-20:1(11Z)/16:1(9Z)/0:0)', 'DG(O-18:1(11Z)/18:2(9Z,11E)/0:0)', 'DG(O-14:0/22:3(10Z,13Z,16Z)/0:0)', 'DG(O-18:0/0:0/18:3(6Z,9Z,12Z))', 'DG(O-18:2(9Z,12Z)/18:1(6Z)/0:0)', 'DG(P-18:1(9Z)/18:1(9Z)/0:0)', 'DG(P-20:0/16:2(9Z,12Z)/0:0)', 'DG(P-14:0/22:2(13Z,16Z)/0:0)', 'DG(O-20:1(11Z)/0:0/16:2(9Z,12Z))', 'DG(O-18:2(9Z,12Z)/18:1(9Z)/0:0)', 'DG(O-18:1(9Z)/18:2(9Z,11E)/0:0)', 'DG(O-18:0/18:3(9Z,12Z,15Z)/0:0)', 'DG(P-18:1(9Z)/18:1(11Z)/0:0)', 'DG(P-18:1(11Z)/18:1(11E)/0:0)', 'DG(P-18:0/18:2(9Z,11E)/0:0)', 'DG(P-18:1(13Z)/18:1(6Z)/0:0)', 'DG(O-18:2(9Z,12Z)/0:0/18:1(11E))', 'DG(O-18:1(13Z)/18:2(9Z,12Z)/0:0)', 'DG(O-18:0/0:0/18:3(9Z,12Z,15Z))', 'DG(O-16:0/0:0/20:3(11Z,14Z,17Z))', 'DG(O-16:0/20:3(11Z,14Z,17Z)/0:0)', 'DG(P-18:1(9Z)/18:1(6Z)/0:0)', 'DG(O-18:2(9Z,12Z)/0:0/18:1(6Z))', 'DG(O-18:2(9Z,12Z)/0:0/18:1(11Z))', 'DG(O-18:1(13Z)/18:2(9Z,11E)/0:0)', 'DG(P-16:0/20:2(11Z,14Z)/0:0)', 'DG(O-18:1(13Z)/0:0/18:2(9Z,11E))', 'DG(O-18:1(9Z)/18:2(9Z,12Z)/0:0)', 'DG(O-18:1(11Z)/18:2(9Z,12Z)/0:0)', 'DG(P-18:1(11Z)/18:1(11Z)/0:0)', 'DG(O-20:1(11Z)/16:2(9Z,12Z)/0:0)', 'DG(P-20:1(11Z)/16:1(6Z)/0:0)', 'DG(O-18:1(9Z)/0:0/18:2(9Z,11E))', 'DG(O-18:2(9Z,12Z)/18:1(11E)/0:0)', 'DG(O-16:0/20:3(8Z,11Z,14Z)/0:0)', 'DG(P-18:1(13Z)/18:1(9Z)/0:0)', 'DG(P-18:2(9Z,12Z)/18:0/0:0)', 'DG(P-18:1(9Z)/18:1(11E)/0:0)', 'DG(P-18:1(11Z)/18:1(9Z)/0:0)', 'DG(P-22:1(13Z)/14:1(9Z)/0:0)', 'DG(O-18:2(9Z,12Z)/0:0/18:1(9Z))', 'DG(O-18:1(11Z)/0:0/18:2(9Z,11E))', 'DG(O-14:0/0:0/22:3(10Z,13Z,16Z))', 'DG(P-18:1(11Z)/18:1(6Z)/0:0)']",['DG']
C30H55O10P,+Na,14,C30H55O10PNa,C30H55O10P+Na+,629.3424662876695,0.924297,0.9559672432959985,0.9676276415806189,0.9992177003423915,0.05,"['PG(2:0/22:2(13Z,16Z))', 'PG(18:2(9Z,11E)/6:0)', 'PG(16:2(9Z,12Z)/8:0)', 'PG(18:2(9Z,12Z)/6:0)', 'PG(4:0/20:2(11Z,14Z))', 'Lysobisphosphatidate (6:0/0:0/18:2(9Z,11E)/0:0)', 'Lysobisphosphatidate (8:0/0:0/16:2(9Z,12Z)/0:0)', 'PG(20:2(11Z,14Z)/4:0)', 'PG(22:2(13Z,16Z)/2:0)', 'PG(8:0/16:2(9Z,12Z))', 'Lysobisphosphatidate (2:0/0:0/22:2(13Z,16Z)/0:0)', 'Lysobisphosphatidate (4:0/0:0/20:2(11Z,14Z)/0:0)', 'PG(6:0/18:2(9Z,11E))', 'PG(6:0/18:2(9Z,12Z))', 'Lysobisphosphatidate (6:0/0:0/18:2(9Z,12Z)/0:0)']",['Lysobisphosphatidate ' 'PG']
C40H81NO2,+Na,15,C40H81NO2Na,C40H81NO2+Na+,630.6158734372368,0.918037,0.942588,0.975012,0.998915,0.05,['Cer(m18:0/22:0)'],['Cer']
C38H74NO6P,+Na,16,C38H74NO6PNa,C38H74NO6P+Na+,694.5145574256695,0.895168,0.9067979428537722,0.9885534542982389,0.9986047609848241,0.05,['CerP(d18:1(4E)/20:1(11Z))'],['CerP']
C37H71O8P,+Na,17,C37H71O8PNa,C37H71O8P+Na+,697.4777983172369,0.9251,0.939139,0.985883,0.999157,0.05,"['PA(26:1(17Z)/8:0)', 'PA(16:0/18:1(11Z))', 'PA(20:0/14:1(9Z))', 'PA(10:0/24:1(15Z))', 'PA(22:1(13Z)/12:0)', 'PA(14:1(9Z)/20:0)', 'PA(18:1(11E)/16:0)', 'PA(14:0/20:1(11Z))', 'PA(12:0/22:1(13Z))', 'PA(16:1(9Z)/18:0)', 'PA(18:0/16:1(9Z))', 'PA(18:1(6Z)/16:0)', 'PA(16:1(6Z)/18:0)', 'PA(18:0/16:1(6Z))', 'PA(20:1(11Z)/14:0)', 'PA(16:0/18:1(9Z))', 'PA(8:0/26:1(17Z))', 'PA(18:1(11Z)/16:0)', 'PA(18:1(9Z)/16:0)', 'PA(16:0/18:1(6Z))', 'PA(16:0/18:1(11E))', 'PA(24:1(15Z)/10:0)']",['PA']
C33H63O13P,+H,18,C33H64O13P,C33H63O13P+H+,699.4078657756695,0.87754,0.8847304089826475,0.9928923509407783,0.9989736264317647,0.05,['PI(12:0/12:0)'],['PI']
C38H76NO8P,+H,19,C38H77NO8P,C38H76NO8P+H+,706.5380921016693,0.864767,0.8894045026358063,0.9734275380301113,0.9988411293721028,0.05,"['PE(17:0/16:0)', 'PC(10:0/20:0)', 'PC(14:0/16:0)', 'PC(17:0/13:0)', 'PC(18:0/12:0)', 'PE-NMe(16:0/16:0)', 'PE(12:0/21:0)', 'PE(18:0/15:0)', 'PE(16:0/17:0)', 'PC(9:0/21:0)', 'PC(12:0/18:0)', 'PC(13:0/17:0)', 'PC(11:0/19:0)', 'PC(15:0/15:0)', 'PC(16:0/14:0)', 'PC(20:0/10:0)', 'PC(19:0/11:0)', 'PE(20:0/13:0)', 'PE(21:0/12:0)', 'PE(19:0/14:0)', 'PE(15:0/18:0)', 'PE(13:0/20:0)', 'PE(14:0/19:0)']",['PC' 'PE' 'PE-NMe']
C39H73O8P,+Na,20,C39H73O8PNa,C39H73O8P+Na+,723.4934483812369,0.885552,0.902227,0.982928,0.998565,0.05,"['PA(14:0/22:2(13Z,16Z))', 'PA(20:2(11Z,14Z)/16:0)', 'PA(16:0/20:2(11Z,14Z))', 'PA(22:2(13Z,16Z)/14:0)', 'PA(22:1(13Z)/14:1(9Z))', 'PA(20:1(11Z)/16:1(9Z))', 'PA(18:2(9Z,12Z)/18:0)', 'PA(14:1(9Z)/22:1(13Z))', '9-Octadecenoic acid 1-[(phosphonoxy)methyl]-1,2-ethanediyl ester', 'PA(18:1(9Z)/18:1(9Z))', 'PA(18:1(11Z)/18:1(9Z))', 'PA(18:1(11Z)/18:1(11Z))', 'PA(18:0/18:2(9Z,12Z))', 'PA(18:1(9Z)/18:1(11Z))']",['9-Octadecenoic acid 1-[' 'PA']
C38H75N2O7P,+Na,21,C38H75N2O7PNa,C38H75N2O7P+Na+,725.5203710876693,0.935444,0.954921891607245,0.9805823000311655,0.9990006447453256,0.05,"['PE-Cer(d20:1(4E)/16:2(9Z,12Z))', 'SM(iso-t17:0/16:2(9Z,12Z))', 'PE-Cer(t18:0/18:2(9Z,12Z))', 'PE-Cer(t18:0/18:2(9Z,11E))']",['PE-Cer' 'SM']
C39H79N2O6P,+Na,22,C39H79N2O6PNa,C39H79N2O6P+Na+,725.5567173532368,0.897366,0.918171,0.978088,0.999236,0.05,"['SM(d20:0/14:1(9Z))', 'PE-Cer(d18:1(4E)/19:0)', 'SM(d18:0/16:1(6Z))', 'SM(d14:0/20:1(11Z))', 'SM(d20:1(4E)/14:0)', 'SM(iso-d17:1(4E)/17:0)', 'SM(d14:1(4E)/20:0)', 'PE-Cer(d14:1(4E)/23:0)', 'SM(d18:1(4E)/16:0)', 'SM(iso-d17:1(4E)/17:0)', 'PE-Cer(d16:1(4E)/21:0)', 'SM(d16:0/18:1(11Z))', 'SM(d18:0/16:1(9Z))', 'SM(d16:1(4E)/18:0)', 'SM(d16:0/18:1(9Z))', 'SM(d16:0/18:1(6Z))', 'SM(d16:0/18:1(11E))']",['PE-Cer' 'SM']
C38H76NO8P,+Na,23,C38H76NO8PNa,C38H76NO8P+Na+,728.5200367296695,0.821616,0.8433180392731198,0.975852405116568,0.9983739837398374,0.05,"['PC(14:0/16:0)', 'PC(15:0/15:0)', 'PC(16:0/14:0)', 'PE(15:0/18:0)', 'PE(18:0/15:0)', 'PE-NMe(16:0/16:0)', 'PE-NMe(14:0/18:0)', 'PE-NMe(18:0/14:0)', 'PE-NMe2(15:0/16:0)', 'PE-NMe2(16:0/15:0)']",['PC' 'PE' 'PE-NMe' 'PE-NMe2']
C40H80NO8P,+H,24,C40H81NO8P,C40H80NO8P+H+,734.5693529872369,0.940569,0.952192,0.988883,0.998898,0.05,"['PE-NMe2(18:0/15:0)', 'PE-NMe2(15:0/18:0)', 'PE-NMe(18:0/16:0)', 'PE-NMe(14:0/20:0)', 'PE-NMe(16:0/18:0)', 'PE-NMe(20:0/14:0)', 'PE(20:0/15:0)', 'PE(15:0/20:0)', 'PC(14:0/18:0)', 'PC(18:0/14:0)', 'PC(16:0/16:0)']",['PC' 'PE' 'PE-NMe' 'PE-NMe2']
C42H84NO7P,+H,25,C42H85NO7P,C42H84NO7P+H+,746.6057384952368,0.858165,0.885583,0.969694,0.999325,0.05,"['PC(P-18:0/16:0)', 'PE(P-18:0/19:0)', 'PE(P-16:0/21:0)', 'PE(P-20:0/17:0)', 'PC(O-18:1(9Z)/16:0)', 'PC(P-20:0/14:0)', 'PC(O-18:0/16:1(9Z))', 'PE(O-20:0/17:1(9Z))', 'PE(O-18:0/19:1(9Z))', 'PC(P-16:0/18:0)', 'PC(O-18:1(11Z)/16:0)', 'PC(O-16:1(9Z)/18:0)', 'PC(O-20:0/14:1(9Z))', 'PC(O-16:0/18:1(9Z))']",['PC' 'PE']
C42H81NO8,+Na,26,C42H81NO8Na,C42H81NO8+Na+,750.5853611572369,0.921621,0.953713,0.967573,0.998737,0.05,"['GalCer(d18:1/18:0)', 'GlcCer(d16:1/20:0)', 'GlcCer(d18:1/18:0)', 'GlcCer(d14:1/22:0)', 'GlcCer(d18:0/18:1(9Z))', 'DGCC(16:0/16:0)']",['DGCC' 'GalCer' 'GlcCer']
C49H78O4,+Na,27,C49H78O4Na,C49H78O4+Na+,753.579153571237,0.821888,0.856589,0.961293,0.998124,0.05,['Ubiquinol 8'],['Ubiquinol 8']
C41H83N2O6P,+Na,28,C41H83N2O6PNa,C41H83N2O6P+Na+,753.5880174812369,0.931406,0.946193,0.985585,0.998769,0.05,"['PE-Cer(d16:1(4E)/23:0)', 'PE-Cer(d14:1(4E)/25:0)', 'SM(d18:0/18:1(9Z))', 'SM(d18:1/18:0)', 'PE-Cer(d15:1(4E)/24:0)', 'SM(d16:1/20:0)']",['PE-Cer' 'SM']
C40H78NO8P,+Na,29,C40H78NO8PNa,C40H78NO8P+Na+,754.5356867936696,0.868024,0.9098522467963583,0.955399108649746,0.9985642649775667,0.05,"['PC(12:0/20:1(11Z))', 'PC(17:1(9Z)/15:0)', 'PC(14:0/18:1(9Z))', 'PC(16:0/16:1(9Z))', 'PC(13:0/19:1(9Z))', 'PC(14:1(9Z)/18:0)', 'PC(15:1(9Z)/17:0)', 'PC(18:0/14:1(9Z))', 'PC(18:1(11Z)/14:0)', 'PC(19:1(9Z)/13:0)', 'PC(20:1(11Z)/12:0)', 'PE(13:0/22:1(11Z))', 'PE(16:0/19:1(9Z))', 'PE(17:1(9Z)/18:0)', 'PE(18:0/17:1(9Z))', 'PE(20:1(11Z)/15:0)', 'PE(17:0/18:1(9Z))', 'PC(14:0/18:1(11Z))', 'PC(18:1(9Z)/14:0)', 'PC(16:1(9Z)/16:0)', 'PC(17:0/15:1(9Z))', 'PE(14:1(9Z)/21:0)', 'PE(15:0/20:1(11Z))', 'PE(15:1(9Z)/20:0)', 'PE(16:1(9Z)/19:0)', 'PE(18:1(9Z)/17:0)', 'PE(19:0/16:1(9Z))', 'PE(21:0/14:1(9Z))', 'PE(22:1(11Z)/13:0)', 'PE(16:0/18:0(11Cp))', 'PC(15:0/17:1(9Z))', 'PE(19:1(9Z)/16:0)', 'PE-NMe(16:0/18:1(9Z))', 'PE-NMe(18:1(9Z)/16:0)', 'PE(20:0/15:1(9Z))']",['PC' 'PE' 'PE-NMe']
C40H80NO8P,+Na,30,C40H80NO8PNa,C40H80NO8P+Na+,756.5512976152368,0.956418,0.971113,0.985818,0.999036,0.05,"['PE(20:0/15:0)', 'PC(9:0/23:0)', 'PE(21:0/14:0)', 'PE(16:0/19:0)', 'PE(19:0/16:0)', 'PC(18:0/14:0)', 'PC(15:0/17:0)', 'PC(10:0/22:0)', 'PC(16:0/16:0)', 'PC(12:0/20:0)', 'PE(17:0/18:0)', 'PE(22:0/13:0)', 'PE(14:0/21:0)', 'PE(13:0/22:0)', 'PE(18:0(10(R)Me)/16:0)', 'PE(18:0/17:0)', 'PE(15:0/20:0)', 'PC(22:0/10:0)', 'PC(21:0/11:0)', 'PC(17:0/15:0)', 'PC(14:0/18:0)', 'PC(13:0/19:0)', 'PC(19:0/13:0)', 'PC(20:0/12:0)', 'PC(11:0/21:0)']",['PC' 'PE']
C43H87N2O6P,+H,31,C43H88N2O6P,C43H87N2O6P+H+,759.6374122236693,0.873565,0.9024560799482428,0.9690452121129092,0.9989071038251366,0.05,['SM(d18:1/20:0)'],['SM']
C42H82NO8P,+H,32,C42H83NO8P,C42H82NO8P+H+,760.5850030512371,0.898444,0.907999,0.991317,0.998143,0.05,"['PE-NMe2(15:0/20:1(11Z))', 'PE-NMe2(20:1(11Z)/15:0)', 'PE-NMe(14:0/22:1(13Z))', 'PE-NMe(16:1(9Z)/20:0)', 'PE-NMe(16:0/20:1(11Z))', 'PE-NMe(14:1(9Z)/22:0)', 'PE-NMe(18:0/18:1(11Z))', 'PE-NMe(18:0/18:1(9Z))', 'PE-NMe(22:1(13Z)/14:0)', 'PE-NMe(22:0/14:1(9Z))', 'PE-NMe(18:1(9Z)/18:0)', 'PE-NMe(18:1(11Z)/18:0)', 'PE-NMe(20:1(11Z)/16:0)', 'PE-NMe(20:0/16:1(9Z))', 'PE(22:1(13Z)/15:0)', 'PE(15:0/22:1(13Z))', 'PC(20:1(11Z)/14:0)', 'PC(20:0/14:1(9Z))', 'PC(16:1(9Z)/18:0)', 'PC(16:0/18:1(9Z))', 'PC(16:0/18:1(11Z))', 'PC(14:1(9Z)/20:0)', 'PC(14:0/20:1(11Z))', 'PC(18:1(9Z)/16:0)', 'PC(18:1(11Z)/16:0)', 'PC(18:0/16:1(9Z))']",['PC' 'PE' 'PE-NMe' 'PE-NMe2']
C42H84NO8P,+H,33,C42H85NO8P,C42H84NO8P+H+,762.600653115237,0.935078,0.956208,0.978988,0.99889,0.05,"['PE(20:0/17:0)', 'PE-NMe(18:0/18:0)', 'PE(19:0/18:0)', 'PE(18:0/19:0)', 'PE(15:0/22:0)', 'PE(21:0/16:0)', 'PE(17:0/20:0)', 'PC(21:0/13:0)', 'PC(15:0/19:0)', 'PC(10:0/24:0)', 'PC(22:0/12:0)', 'PC(20:0/14:0)', 'PC(16:0/18:0)', 'PC(14:0/20:0)', 'PC(13:0/21:0)', 'PE(22:0/15:0)', 'PE(16:0/21:0)', 'PC(18:0/16:0)', 'PC(17:0/17:0)', 'PC(19:0/15:0)', 'PC(12:0/22:0)', 'PC(11:0/23:0)']",['PC' 'PE' 'PE-NMe']
C41H80NO8P,+Na,34,C41H80NO8PNa,C41H80NO8P+Na+,768.5513368576695,0.846207,0.860409330719963,0.9858668516790589,0.9975922104037678,0.05,"['PC(15:0/18:1(11Z))', 'PC(15:0/18:1(9Z))', 'PC(18:1(11Z)/15:0)', 'PC(18:1(9Z)/15:0)', 'PE(14:0/22:1(13Z))', 'PE(14:1(9Z)/22:0)', 'PE(16:0/20:1(11Z))', 'PE(16:1(9Z)/20:0)', 'PE(18:0/18:1(11Z))', 'PE(18:0/18:1(9Z))', 'PE(18:1(11Z)/18:0)', 'PE(18:1(9Z)/18:0)', 'PE(20:0/16:1(9Z))', 'PE(20:1(11Z)/16:0)', 'PE(22:0/14:1(9Z))', 'PE(22:1(13Z)/14:0)', 'PE-NMe2(16:0/18:1(9Z))', 'PE-NMe(15:0/20:1(11Z))', 'PE-NMe(20:1(11Z)/15:0)', 'PE-NMe2(14:0/20:1(11Z))', 'PE-NMe2(14:1(9Z)/20:0)', 'PE-NMe2(16:0/18:1(11Z))', 'PE-NMe2(16:1(9Z)/18:0)', 'PE-NMe2(18:0/16:1(9Z))', 'PE-NMe2(18:1(11Z)/16:0)', 'PE-NMe2(18:1(9Z)/16:0)', 'PE-NMe2(20:0/14:1(9Z))', 'PE-NMe2(20:1(11Z)/14:0)']",['PC' 'PE' 'PE-NMe' 'PE-NMe2']
C42H84NO7P,+Na,35,C42H84NO7PNa,C42H84NO7P+Na+,768.5876831232368,0.916665,0.946667,0.968882,0.999408,0.05,"['PC(P-18:0/16:0)', 'PE(P-18:0/19:0)', 'PE(P-16:0/21:0)', 'PE(P-20:0/17:0)', 'PC(O-18:1(9Z)/16:0)', 'PC(P-20:0/14:0)', 'PC(O-18:0/16:1(9Z))', 'PE(O-20:0/17:1(9Z))', 'PE(O-18:0/19:1(9Z))', 'PC(P-16:0/18:0)', 'PC(O-18:1(11Z)/16:0)', 'PC(O-16:1(9Z)/18:0)', 'PC(O-20:0/14:1(9Z))', 'PC(O-16:0/18:1(9Z))']",['PC' 'PE']
C42H80NO9P,+H,36,C42H81NO9P,C42H80NO9P+H+,774.5643068496697,0.877515,0.9057276543409547,0.9694326747244136,0.9993998029203619,0.05,"['PS(O-16:0/20:2(11Z,14Z))', 'PS(P-16:0/20:1(11Z))', 'PS(P-18:0/18:1(9Z))', 'PS(O-18:0/18:2(9Z,12Z))', 'PS(P-20:0/16:1(9Z))']",['PS']
C42H82NO9P,+H,37,C42H83NO9P,C42H82NO9P+H+,776.5799569136695,0.884693,0.9112645882488637,0.971406960629211,0.9994176042356056,0.05,"['PS(O-18:0/18:1(9Z))', 'PS(O-20:0/16:1(9Z))', 'PS(P-16:0/20:0)', 'PS(P-18:0/18:0)', 'PS(P-20:0/16:0)', 'PS(O-16:0/20:1(11Z))']",['PS']
C44H84NO6P,+Na,38,C44H84NO6PNa,C44H84NO6P+Na+,776.592768503237,0.884183,0.902377,0.98086,0.998958,0.05,"['PC(P-18:1(9Z)/P-18:1(9Z))', 'PC(P-18:1(9Z)/P-18:1(11Z))', 'PC(P-18:1(11Z)/P-18:1(9Z))', 'PC(P-18:1(11Z)/P-18:1(11Z))']",['PC']
C53H80O4,+H,39,C53H81O4,C53H80O4+H+,781.612859007237,0.839623,0.871337,0.964543,0.999026,0.05,['3-Demethylubiquinone-9'],['3-Demethylubiquinone-9']
C45H85N2O6P,+H,40,C45H86N2O6P,C45H85N2O6P+H+,781.6217229172369,0.846224,0.899817,0.941988,0.998357,0.05,"['SM(d18:0/22:3(10Z,13Z,16Z))']",['SM']
C42H82NO8P,+Na,41,C42H82NO8PNa,C42H82NO8P+Na+,782.566947679237,0.931881,0.956912,0.975132,0.998678,0.05,"['PE(18:1(11Z)/19:0)', 'PC(14:0/20:1(11Z))', 'PC(12:0/22:1(13Z))', 'PC(14:1(9Z)/20:0)', 'PC(18:1(11E)/16:0)', 'PC(16:0/18:1(6Z))', 'PE(22:1(13Z)/15:0)', 'PE(16:1(9Z)/21:0)', 'PE(20:1(11Z)/17:0)', 'PC(8:0/26:1(17Z))', 'PC(18:0/16:1(9Z))', 'PC(22:1(13Z)/12:0)', 'PE(22:1(13Z)/15:0)', 'PE(18:1(11E)/19:0)', 'PE(19:0/18:1(6Z))', 'PC(16:0/18:1(11Z))', 'PE(21:0/16:1(9Z))', 'PE(24:1(15Z)/13:0)', 'PC(24:1(15Z)/10:0)', 'PE(17:0/20:1(11Z))', 'PC(20:1(11Z)/14:0)', 'PC(16:1(9Z)/18:0)', 'PE(13:0/24:1(15Z))', 'PE(20:1(11Z)/17:0)', 'PC(26:1(17Z)/8:0)', 'PC(18:1(6Z)/16:0)', 'PE(15:0/22:1(13Z))', 'PE(24:1(15Z)/13:0)', 'PC(20:0/14:1(9Z))', 'PC(16:0/18:1(9Z))', 'PE(19:0/18:1(9Z))', 'PE(18:1(9Z)/19:0)', 'PC(18:1(9Z)/16:0)', 'PC(10:0/24:1(15Z))', 'PE(16:1(6Z)/21:0)', 'PE(17:0/20:1(11Z))', 'PC(16:1(6Z)/18:0)', 'PE(19:0/18:1(11E))', 'PC(18:1(11Z)/16:0)', 'PE(18:1(6Z)/19:0)', 'PE(15:0/22:1(13Z))', 'PC(16:0/18:1(11E))', 'PE(13:0/24:1(15Z))', 'PE(19:0/18:1(11Z))', 'PE(21:0/16:1(6Z))', 'PC(18:0/16:1(6Z))']",['PC' 'PE']
C42H84NO8P,+Na,42,C42H84NO8PNa,C42H84NO8P+Na+,784.582597743237,0.928483,0.946876,0.982031,0.998518,0.05,"['PE-NMe2(15:0/20:0)', 'PE-NMe2(20:0/15:0)', 'PE-NMe(16:0/20:0)', 'PE-NMe(14:0/22:0)', 'PE-NMe(18:0/18:0)', 'PE-NMe(22:0/14:0)', 'PE-NMe(20:0/16:0)', 'PE(22:0/15:0)', 'PE(15:0/22:0)', 'PC(20:0/14:0)', 'PC(16:0/18:0)', 'PC(14:0/20:0)', 'PC(18:0/16:0)']",['PC' 'PE' 'PE-NMe' 'PE-NMe2']
C44H84NO8P,+H,43,C44H85NO8P,C44H84NO8P+H+,786.6006923576692,0.848414,0.907861934142846,0.9366502119079648,0.997724399494311,0.05,"['PC(18:1(9Z)/18:1(9Z))', 'PC(14:0/22:2(13Z,16Z))', 'PC(14:1(9Z)/22:1(13Z))', 'PC(16:0/20:2(11Z,14Z))', 'PC(16:1(9Z)/20:1(11Z))', 'PC(18:0/18:2(9Z,12Z))', 'PC(18:1(11Z)/18:1(11Z))', 'PC(18:1(11Z)/18:1(9Z))', 'PC(18:1(9Z)/18:1(11Z))', 'PC(18:2(9Z,12Z)/18:0)', 'PC(20:1(11Z)/16:1(9Z))', 'PC(20:2(11Z,14Z)/16:0)', 'PC(22:1(13Z)/14:1(9Z))', 'PC(22:2(13Z,16Z)/14:0)', '1,2-dioleoyl-sn-glycero-3-phosphocholine', 'PE-NMe(14:1(9Z)/24:1(15Z))', 'PE-NMe(16:0/22:2(13Z,16Z))', 'PE-NMe(16:1(9Z)/22:1(13Z))', 'PE-NMe(18:0/20:2(11Z,14Z))', 'PE-NMe(18:1(11Z)/20:1(11Z))', 'PE-NMe(18:1(9Z)/20:1(11Z))', 'PE-NMe(18:2(9Z,12Z)/20:0)', 'PE-NMe(20:0/18:2(9Z,12Z))', 'PE-NMe(20:1(11Z)/18:1(11Z))', 'PE-NMe(20:1(11Z)/18:1(9Z))', 'PE-NMe(20:2(11Z,14Z)/18:0)', 'PE-NMe(22:1(13Z)/16:1(9Z))', 'PE-NMe(22:2(13Z,16Z)/16:0)', 'PE-NMe(24:1(15Z)/14:1(9Z))', 'PE-NMe2(15:0/22:2(13Z,16Z))', 'PE-NMe2(22:2(13Z,16Z)/15:0)']","['1,2-dioleoyl-sn-glycero-3-phosphocholine' 'PC' 'PE-NMe' 'PE-NMe2']"
C44H86NO8P,+H,44,C44H87NO8P,C44H86NO8P+H+,788.616303179237,0.856374,0.868801,0.986853,0.998828,0.05,"['PC(14:0/22:1(11Z))', 'PE(20:0/19:1(9Z))', 'PE(19:0/20:1(11Z))', 'PE(18:1(9Z)/21:0)', 'PE(21:0/18:1(9Z))', 'PC(22:0/14:1(9Z))', 'PC(21:0/15:1(9Z))', 'PC(17:1(9Z)/19:0)', 'PC(16:1(9Z)/20:0)', 'PC(22:1(13Z)/14:0)', 'PC(18:1(11Z)/18:0)', 'PC(18:0/18:1(9Z))', 'PC(18:0/18:1(9E))', 'PC(18:0/18:1(12Z))', 'PC(18:0/18:1(11Z))', 'PC(20:0/16:1(9Z))', 'PC(18:0/18:1(6Z))', 'PC(18:0/18:1(16Z))', 'PE(22:1(11Z)/17:0)', 'PE(22:0/17:1(9Z))', 'PC(14:0/22:1(13Z))', 'PC(22:1(11Z)/14:0)', 'PE(20:1(11Z)/19:0)', 'PE(17:1(9Z)/22:0)', 'PE(17:0/22:1(11Z))', 'PC(20:1(11Z)/16:0)', 'PC(19:1(9Z)/17:0)', 'PC(17:0/19:1(9Z))', 'PC(16:0/20:1(11Z))', 'PE(19:1(9Z)/20:0)', 'PC(15:1(9Z)/21:0)', 'PC(14:1(9Z)/22:0)', 'PC(18:0/18:1(7Z))', 'PC(18:0/18:1(13Z))', 'PC(19:0/17:1(9Z))', 'PC(18:1(9Z)/18:0)']",['PC' 'PE']
C45H86NO6P,+Na,45,C45H86NO6PNa,C45H86NO6P+Na+,790.6084578096693,0.8727,0.8887551718296754,0.9832077764279051,0.9987060702875399,0.05,['1-(10-methylhexadecanyl)-2-(8-[3]-ladderane-octanyl)-sn-glycerophosphocholine'],['1-']
C42H80NO9P,+Na,46,C42H80NO9PNa,C42H80NO9P+Na+,796.5462514776693,0.86466,0.9083851813187359,0.952913571525913,0.9988990729034977,0.05,"['PS(O-16:0/20:2(11Z,14Z))', 'PS(P-16:0/20:1(11Z))', 'PS(P-18:0/18:1(9Z))', 'PS(O-18:0/18:2(9Z,12Z))', 'PS(P-20:0/16:1(9Z))']",['PS']
C43H84NO8P,+Na,47,C43H84NO8PNa,C43H84NO8P+Na+,796.5826369856694,0.804851,0.834815248419233,0.9656052082304175,0.9984478224616766,0.05,"['PC(15:0/20:1(11Z))', 'PC(20:1(11Z)/15:0)', 'PE(14:0/24:1(15Z))', 'PE(14:1(9Z)/24:0)', 'PE(16:0/22:1(13Z))', 'PE(16:1(9Z)/22:0)', 'PE(18:0/20:1(11Z))', 'PE(18:1(11Z)/20:0)', 'PE(22:1(13Z)/16:0)', 'PE(18:1(9Z)/20:0)', 'PE(20:0/18:1(11Z))', 'PE(20:0/18:1(9Z))', 'PE(20:1(11Z)/18:0)', 'PE(22:0/16:1(9Z))', 'PE(24:0/14:1(9Z))', 'PE(24:1(15Z)/14:0)', 'PE-NMe(15:0/22:1(13Z))', 'PE-NMe(22:1(13Z)/15:0)', 'PE-NMe2(18:0/18:1(9Z))', 'PE-NMe2(18:0/18:1(11Z))', 'PE-NMe2(14:1(9Z)/22:0)', 'PE-NMe2(16:0/20:1(11Z))', 'PE-NMe2(16:1(9Z)/20:0)', 'PE-NMe2(14:0/22:1(13Z))', 'PE-NMe2(18:1(11Z)/18:0)', 'PE-NMe2(18:1(9Z)/18:0)', 'PE-NMe2(20:0/16:1(9Z))', 'PE-NMe2(20:1(11Z)/16:0)', 'PE-NMe2(22:0/14:1(9Z))', 'PE-NMe2(22:1(13Z)/14:0)']",['PC' 'PE' 'PE-NMe' 'PE-NMe2']
C44H80NO8P,+Na,48,C44H80NO8PNa,C44H80NO8P+Na+,804.5512976152369,0.865259,0.886776,0.977218,0.998484,0.05,"['PC(8:0/28:4(13Z,16Z,19Z,22Z))', 'PC(18:3(6Z,9Z,12Z)/18:1(11Z))', 'PC(16:1(9Z)/20:3(11Z,14Z,17Z))', 'PC(22:3(10Z,13Z,16Z)/14:1(9Z))', 'PE(3:0/36:4(21Z,24Z,27Z,30Z))', 'PC(18:1(6Z)/18:3(6Z,9Z,12Z))', 'PC(18:0/18:4(6Z,9Z,12Z,15Z))', 'PE(17:0/22:4(7Z,10Z,13Z,16Z))', 'PC(18:2(9Z,11E)/18:2(9Z,12Z))', 'PC(10:0/26:4(11Z,14Z,17Z,20Z))', 'PC(18:2(9Z,12Z)/18:2(9Z,12Z))', 'PE(19:0/20:4(5Z,8Z,11Z,14Z))', 'PE(24:4(9Z,12Z,15Z,18Z)/15:0)', 'PC(16:1(9Z)/20:3(8Z,11Z,14Z))', 'PC(16:2(9Z,12Z)/20:2(11Z,14Z))', 'PC(20:3(11Z,14Z,17Z)/16:1(6Z))', 'PE(20:4(8Z,11Z,14Z,17Z)/19:0)', 'PE(13:0/26:4(11Z,14Z,17Z,20Z))', 'PC(20:4(5Z,8Z,11Z,14Z)/16:0)', 'PE(21:0/18:4(6Z,9Z,12Z,15Z))', 'PE(22:4(7Z,10Z,13Z,16Z)/17:0)', 'PC(18:3(9Z,12Z,15Z)/18:1(9Z))', 'PC(18:4(6Z,9Z,12Z,15Z)/18:0)', 'PC(32:4(17Z,20Z,23Z,26Z)/4:0)', 'PE(18:4(6Z,9Z,12Z,15Z)/21:0)', 'PC(34:4(19Z,22Z,25Z,28Z)/2:0)', 'PC(4:0/32:4(17Z,20Z,23Z,26Z))', 'PC(18:3(9Z,12Z,15Z)/18:1(6Z))', 'PC(20:3(8Z,11Z,14Z)/16:1(9Z))', 'PE(15:0/24:4(9Z,12Z,15Z,18Z))', 'PC(12:0/24:4(9Z,12Z,15Z,18Z))', 'PC(18:1(6Z)/18:3(9Z,12Z,15Z))', 'PC(16:1(6Z)/20:3(11Z,14Z,17Z))', 'PC(18:3(6Z,9Z,12Z)/18:1(11E))', 'PC(18:3(6Z,9Z,12Z)/18:1(9Z))', 'PC(16:0/20:4(5Z,8Z,11Z,14Z))', 'PC(18:1(9Z)/18:3(6Z,9Z,12Z))', 'PC(18:1(11E)/18:3(6Z,9Z,12Z))', 'PC(2:0/34:4(19Z,22Z,25Z,28Z))', 'PC(18:2(9Z,12Z)/18:2(9Z,11E))', 'PC(18:1(11Z)/18:3(9Z,12Z,15Z))', 'PC(20:3(8Z,11Z,14Z)/16:1(6Z))', 'PE(24:4(9Z,12Z,15Z,18Z)/15:0)', 'PE(20:4(5Z,8Z,11Z,14Z)/19:0)', 'PE(36:4(21Z,24Z,27Z,30Z)/3:0)', 'PE(13:0/26:4(11Z,14Z,17Z,20Z))', 'PC(18:2(9Z,11E)/18:2(9Z,11E))', 'PC(18:3(9Z,12Z,15Z)/18:1(11E))', 'PC(22:4(7Z,10Z,13Z,16Z)/14:0)', 'PC(20:2(11Z,14Z)/16:2(9Z,12Z))']",['PC' 'PE']
C44H86NO8P,+Na,49,C44H86NO8PNa,C44H86NO8P+Na+,810.5982478072368,0.950351,0.977287,0.973595,0.998812,0.05,"['PE(24:1(15Z)/15:0)', 'PC(10:0/26:1(17Z))', 'PE(24:1(15Z)/15:0)', 'PE(18:1(11E)/21:0)', 'PC(18:1(11Z)/18:0)', 'PC(22:0/14:1(9Z))', 'PE(21:0/18:1(9Z))', 'PC(20:1(11Z)/16:0)', 'PC(18:0/18:1(11Z))', 'PC(24:1(15Z)/12:0)', 'PE(19:0/20:1(11Z))', 'PE(13:0/26:1(17Z))', 'PC(18:0/18:1(11E))', 'PC(20:0/16:1(6Z))', 'PE(21:0/18:1(6Z))', 'PC(22:1(13Z)/14:0)', 'PC(14:1(9Z)/22:0)', 'PE(26:1(17Z)/13:0)', 'PE(17:0/22:1(13Z))', 'PC(16:1(6Z)/20:0)', 'PE(17:0/22:1(13Z))', 'PE(18:1(6Z)/21:0)', 'PC(14:0/22:1(13Z))', 'PE(21:0/18:1(11E))', 'PE(22:1(13Z)/17:0)', 'PE(22:1(13Z)/17:0)', 'PC(26:1(17Z)/10:0)', 'PE(15:0/24:1(15Z))', 'PE(21:0/18:1(11Z))', 'PC(12:0/24:1(15Z))', 'PC(20:0/16:1(9Z))', 'PC(18:1(9Z)/18:0)', 'PC(18:0/18:1(9Z))', 'PE(18:1(9Z)/21:0)', 'PE(20:1(11Z)/19:0)', 'PC(16:1(9Z)/20:0)', 'PE(13:0/26:1(17Z))', 'PC(16:0/20:1(11Z))', 'PC(18:1(6Z)/18:0)', 'PE(26:1(17Z)/13:0)', 'PE(15:0/24:1(15Z))', 'PE(18:1(11Z)/21:0)', 'PC(18:0/18:1(6Z))', 'PC(18:1(11E)/18:0)']",['PC' 'PE']
C47H93N2O6P,+H,50,C47H94N2O6P,C47H93N2O6P+H+,813.6843231732367,0.944282,0.966995,0.977639,0.998847,0.05,['SM(d18:1/24:1(15Z))'],['SM']
C47H91NO8,+Na,51,C47H91NO8Na,C47H91NO8+Na+,820.6636507196694,0.889627,0.921172913624527,0.9663327522259492,0.9994012549695838,0.05,"['GlcCer(d18:1/23:0)', 'GalCer(d18:1/23:0)']",['GalCer' 'GlcCer']
C46H90NO7P,+Na,52,C46H90NO7PNa,C46H90NO7P+Na+,822.6346333152369,0.906219,0.913917,0.992232,0.99934,0.05,"['PC(o-18:2(9Z,12Z)/20:0)', 'PC(o-18:1(9Z)/20:1(11Z))', 'PC(P-18:1(9Z)/20:0)', 'PC(P-18:1(11Z)/20:0)', 'PC(P-18:0/20:1(11Z))', 'PC(P-16:0/22:1(13Z))', 'PC(22:1(13Z)/P-16:0)', 'PC(20:1(11Z)/P-18:0)', 'PC(20:0/P-18:1(9Z))', 'PC(20:0/P-18:1(11Z))']",['PC']
C46H89NO9,+Na,53,C46H89NO9Na,C46H89NO9+Na+,822.6428760332368,0.872723,0.8885,0.982799,0.999433,0.05,['GlcCer(t18:0/22:1(13Z))'],['GlcCer']
C46H93N2O6P,+Na,54,C46H93N2O6PNa,C46H93N2O6P+Na+,823.6662678012367,0.917024,0.946536,0.969697,0.999097,0.05,"['SM(d18:1/23:0)', 'SM(d16:1/25:0)', 'SM(d17:1/24:0)']",['SM']
C48H95N2O6P,+H,55,C48H96N2O6P,C48H95N2O6P+H+,827.7000124796693,0.863407,0.877558623021962,0.9849379901601695,0.9989194303356239,0.05,"['SM(d17:1/26:1)', 'SM(d19:1/24:1)', 'SM(d18:2/25:0)']",['SM']
C48H91NO8,+Na,56,C48H91NO8Na,C48H91NO8+Na+,832.663611477237,0.88587,0.905475,0.979407,0.998919,0.05,"['Galactosylceramide (d18:1/24:1(15Z))', 'Glucosylceramide (d18:1/24:1(15Z))']",['Galactosylceramide ' 'Glucosylceramide ']
C48H93NO8,+Na,57,C48H93NO8Na,C48H93NO8+Na+,834.679261541237,0.944671,0.960947,0.983954,0.999093,0.05,"['GalCer(d18:1/24:0)', 'GlcCer(d18:0/24:1(15Z))', 'GlcCer(d18:1/24:0)']",['GalCer' 'GlcCer']
C57H86O4,+H,58,C57H87O4,C57H86O4+H+,835.6598091992371,0.856063,0.884309,0.968713,0.999325,0.05,"['3-decaprenyl-4,5-dihydroxybenzoic acid']","['3-decaprenyl-4,5-dihydroxybenzoic acid']"
C44H86NO11P,+H,59,C44H87NO11P,C44H86NO11P+H+,836.6010470392372,0.893727,0.921407,0.970654,0.999284,0.05,"['IPC(d18:0/20:1(11Z))', 'IPC(d20:0/18:1(9Z))']",['IPC']
C47H91NO9,+Na,60,C47H91NO9Na,C47H91NO9+Na+,836.6585260972369,0.890781,0.902274,0.987804,0.999452,0.05,['GlcCer(iso-t17:0/24:1(15Z))'],['GlcCer']
C47H95N2O6P,+Na,61,C47H95N2O6PNa,C47H95N2O6P+Na+,837.681917865237,0.84418,0.882063,0.958425,0.998568,0.05,['SM(d18:0/24:1(15Z))'],['SM']
C49H93NO8,+Na,62,C49H93NO8Na,C49H93NO8+Na+,846.6792615412369,0.872856,0.916158,0.954176,0.99849,0.05,['GlcCer(iso-d17:1(4E)/26:1(17Z))'],['GlcCer']
C50H90NO7P,+H,63,C50H91NO7P,C50H90NO7P+H+,848.652688687237,0.868899,0.894168,0.972423,0.999298,0.05,"['PC(O-20:0/22:6(4Z,7Z,10Z,13Z,16Z,19Z))']",['PC']
C49H95NO8,+Na,64,C49H95NO8Na,C49H95NO8+Na+,848.6949508476697,0.817345,0.8492862252803596,0.9637857696020252,0.9985523882405459,0.05,['Glucosylceramide (d18:1/25:0)'],['Glucosylceramide ']
C48H95N2O6P,+Na,65,C48H95N2O6PNa,C48H95N2O6P+Na+,849.6819571076696,0.884653,0.9178180928468587,0.9650763628337481,0.9987448363520813,0.05,"['SM(d17:1/26:1)', 'SM(d19:1/24:1)', 'SM(d18:2/25:0)']",['SM']
C48H94NO7P,+Na,66,C48H94NO7PNa,C48H94NO7P+Na+,850.6659334432368,0.945232,0.961957,0.983123,0.999482,0.05,"['PC(O-18:0/22:2(13Z,16Z))', 'PC(P-20:0/20:1(11Z))', 'PC(P-18:0/22:1(11Z))', 'PC(O-18:2(9Z,12Z)/22:0)', 'PC(O-20:0/20:2(11Z,14Z))']",['PC']
C50H91NO9,+H,67,C50H92NO9,C50H91NO9+H+,850.6765814692369,0.935209,0.979026,0.956305,0.99889,0.05,"['GlcCer(t18:0/26:4(11Z,14Z,17Z,20Z))']",['GlcCer']
C48H97N2O6P,+Na,68,C48H97N2O6PNa,C48H97N2O6P+Na+,851.6975679292368,0.918931,0.936085,0.982262,0.999402,0.05,"['SM(d20:1/23:0)', 'SM(d19:1/24:0)', 'SM(d19:0/24:1)', 'SM(d18:1/25:0)']",['SM']
C50H95NO8,+Na,69,C50H95NO8Na,C50H95NO8+Na+,860.6949116052369,0.877634,0.916382,0.958437,0.999248,0.05,"['GalCer(d18:1(4E)/26:1(17Z))', 'GlcCer(d18:1(4E)/26:1(17Z))', 'GlcCer(d20:1(4E)/24:1(15Z))']",['GalCer' 'GlcCer']
C49H94NO7P,+Na,70,C49H94NO7PNa,C49H94NO7P+Na+,862.6659334432369,0.883156,0.913751,0.967419,0.999068,0.05,"['PE(P-18:2(9Z,12Z)/26:0)', 'PE(P-24:0/20:2(11Z,14Z))', 'PE(P-18:1(9Z)/26:1(17Z))', 'PE(P-26:0/18:2(9Z,12Z))', 'PE(P-18:1(13Z)/26:1(17Z))', 'PE(O-24:0/20:3(11Z,14Z,17Z))', 'PE(O-26:0/18:3(9Z,12Z,15Z))', 'PE(P-28:0/16:2(9Z,12Z))', 'PE(P-26:0/18:2(9Z,11E))', 'PE(P-20:1(11Z)/24:1(15Z))', 'PE(P-22:1(13Z)/22:1(13Z))', 'PE(O-18:2(9Z,12Z)/26:1(17Z))', 'PE(P-18:1(11Z)/26:1(17Z))', 'PE(O-24:0/20:3(8Z,11Z,14Z))', 'PE(O-22:0/22:3(10Z,13Z,16Z))', 'PE(P-22:0/22:2(13Z,16Z))', 'PE(O-26:0/18:3(6Z,9Z,12Z))', 'PE(O-22:1(13Z)/22:2(13Z,16Z))']",['PE']
C49H97N2O6P,+Na,71,C49H97N2O6PNa,C49H97N2O6P+Na+,863.6975679292368,0.930739,0.948413,0.982723,0.998618,0.05,['SM(d18:1/26:1(17Z))'],['SM']
C49H95NO9,+Na,72,C49H95NO9Na,C49H95NO9+Na+,864.6898262252371,0.8792,0.904417,0.972966,0.999129,0.05,['GlcCer(iso-t17:0/26:1(17Z))'],['GlcCer']
C50H96NO7P,+Na,73,C50H96NO7PNa,C50H96NO7P+Na+,876.6815835072367,0.914826,0.931136,0.983634,0.99883,0.05,"['PC(P-22:1(13Z)/20:1(11Z))', 'PC(O-20:1(11Z)/22:2(13Z,16Z))', 'PC(O-24:0/18:3(6Z,9Z,12Z))', 'PC(P-26:0/16:2(9Z,12Z))', 'PC(P-18:2(9Z,12Z)/24:0)', 'PC(P-20:1(11Z)/22:1(13Z))', 'PC(P-18:1(9Z)/24:1(15Z))', 'PC(P-24:0/18:2(9Z,11E))', 'PC(P-22:0/20:2(11Z,14Z))', 'PC(P-24:0/18:2(9Z,12Z))', 'PC(O-24:0/18:3(9Z,12Z,15Z))', 'PC(P-18:1(11Z)/24:1(15Z))', 'PC(O-20:0/22:3(10Z,13Z,16Z))', 'PC(O-22:0/20:3(8Z,11Z,14Z))', 'PC(O-18:2(9Z,12Z)/24:1(15Z))', 'PC(O-22:1(13Z)/20:2(11Z,14Z))', 'PC(P-18:1(13Z)/24:1(15Z))', 'PC(P-20:0/22:2(13Z,16Z))', 'PC(O-22:0/20:3(11Z,14Z,17Z))']",['PC']
C52H93NO9,+H,74,C52H94NO9,C52H93NO9+H+,876.6922707756696,0.878174,0.9081282817022015,0.9680308491254589,0.9989515488482923,0.05,"['GlcCer(t18:0/28:5(13Z,16Z,19Z,22Z,25Z))', 'GlcCer(t18:0/28:5(10Z,13Z,16Z,19Z,22Z))']",['GlcCer']
C52H100NO8P,+Na,75,C52H100NO8PNa,C52H100NO8P+Na+,920.7077982552368,0.908487,0.933475,0.974025,0.999185,0.05,"['PC(18:1(11E)/26:1(17Z))', 'PC(20:2(11Z,14Z)/24:0)', 'PC(26:1(17Z)/18:1(9Z))', 'PC(24:1(15Z)/20:1(11Z))', 'PC(18:2(9Z,11E)/26:0)', 'PC(26:1(17Z)/18:1(6Z))', 'PC(28:0/16:2(9Z,12Z))', 'PC(22:0/22:2(13Z,16Z))', 'PC(18:1(11Z)/26:1(17Z))', 'PC(26:0/18:2(9Z,12Z))', 'PC(22:1(13Z)/22:1(13Z))', 'PC(26:1(17Z)/18:1(11E))', 'PC(18:2(9Z,12Z)/26:0)', 'PC(20:1(11Z)/24:1(15Z))', 'PC(26:0/18:2(9Z,11E))', 'PC(18:1(9Z)/26:1(17Z))', 'PC(16:2(9Z,12Z)/28:0)', 'PC(24:0/20:2(11Z,14Z))', 'PC(26:1(17Z)/18:1(11Z))', 'PC(18:1(6Z)/26:1(17Z))', 'PC(22:2(13Z,16Z)/22:0)']",['PC']
C51H86NO12P,+Na,76,C51H86NO12PNa,C51H86NO12P+Na+,958.5779455296695,0.849418,0.870379515124016,0.9777965197833551,0.9980774309406856,0.05,"['PS(DiMe(11,5)/MonoMe(13,5))', 'PS(DiMe(13,5)/MonoMe(11,5))', 'PS(MonoMe(11,5)/DiMe(13,5))', 'PS(MonoMe(13,5)/DiMe(11,5))']",['PS']
